iter,time,loss_net,norm,norm_average
0,24,1728.9658203125,3.543271064758301,9.935432434082031
